[{"id":"6285156022091@c.us","name":"Suhendi","age":"23","time":"17/02/21 18:41:37","serial":"72a9d0259cb2d33c174f"},{"id":"628972175359@c.us","name":"Raka","age":"7","time":"17/02/21 18:50:04","serial":"fe3c57fab89e0dd7e079"},{"id":"6289618919237@c.us","name":"ry","age":"8","time":"17/02/21 19:07:28","serial":"a700ee21410b6671d930"},{"id":"6282284739512@c.us","name":"rez","age":"6 tahun","time":"17/02/21 19:10:18","serial":"35fb26fdaed684b2e6b3"},{"id":"6281242967611@c.us","name":"Ad","age":"5 tahun","time":"17/02/21 19:14:21","serial":"bad961d76a0445e68113"},{"id":"60195478225@c.us","name":"Hazrie","age":"9 tahun","time":"17/02/21 19:14:59","serial":"6bb26803dc41b47e13a6"},{"id":"6282282942493@c.us","name":"ezr","age":"8","time":"17/02/21 19:23:20","serial":"cfbb3f1749a046778269"},{"id":"6281361333875@c.us","name":"alw","age":"8","time":"17/02/21 19:47:29","serial":"9f3dc58aa6532fed86d0"},{"id":"6281283619627@c.us","name":"Xena","age":"15","time":"17/02/21 19:52:18","serial":"646740e560aea94507b4"},{"id":"6288223587278@c.us","name":"rafly","age":"14","time":"17/02/21 19:54:16","serial":"ac152eacfdf841106906"},{"id":"6282358436867@c.us","name":"rofi","age":"9","time":"17/02/21 20:06:01","serial":"a06c6a1909a69e2c7ddf"},{"id":"6283120550927@c.us","name":"Riski","age":"15","time":"17/02/21 20:21:16","serial":"5db4fa6b8060af2566e3"},{"id":"6289601915190@c.us","name":"suci","age":"15","time":"17/02/21 20:21:27","serial":"f8e202341f7e54e03587"},{"id":"6289628521412@c.us","name":"syarif","age":"20","time":"17/02/21 21:17:47","serial":"1eefa276ace20a4590ba"},{"id":"6282298654314@c.us","name":"HZR-BOT2","age":"23","time":"17/02/21 21:34:38","serial":"9f447dd3b6ce5f2d9831"},{"id":"6281534042508@c.us","name":"lya","age":"18","time":"17/02/21 22:02:15","serial":"8b5b01bc296d12040b6c"},{"id":"6288977528003@c.us","name":"Ray Pudidi","age":"umur:17","time":"17/02/21 22:16:34","serial":"f6918417f853857139a1"},{"id":"628997658369@c.us","name":"rafly","age":"17","time":"17/02/21 22:43:17","serial":"5bf3fd6b6c0b3d6965e8"},{"id":"6282187480035@c.us","name":"sheren","age":"18","time":"17/02/21 23:17:31","serial":"745d14ebae3d4f35349f"},{"id":"6282169505025@c.us","name":"nanda","age":"20","time":"18/02/21 00:28:49","serial":"fb0467a38735f0bcbb3b"},{"id":"6282325622780@c.us","name":"aziz","age":"19","time":"18/02/21 07:06:23","serial":"f93ac013fcbd3bea7b7e"},{"id":"6287865209794@c.us","name":"orang","age":"18","time":"18/02/21 08:02:51","serial":"ddaee94d197a066540f1"},{"id":"6282167188122@c.us","name":"Ay","age":"6tahun","time":"18/02/21 08:37:47","serial":"60de93fc8be8bb0cab09"},{"id":"6285805820613@c.us","name":"re","age":"9","time":"18/02/21 08:40:03","serial":"1215637f32d7da0901a4"},{"id":"6282225536660@c.us","name":"HananGantengBanget","age":"16","time":"18/02/21 08:41:31","serial":"b78c325615e5f56a0079"},{"id":"6283879834968@c.us","name":"Lukman","age":"18","time":"18/02/21 08:48:22","serial":"febbe7506164c1c7d635"},{"id":"62895334023338@c.us","name":"aisy","age":"7","time":"18/02/21 08:50:05","serial":"48f856c820f86a1133fc"},{"id":"6288225327598@c.us","name":"Akmal","age":"16","time":"18/02/21 08:51:12","serial":"7d8e9ceeb50a35946c3a"},{"id":"6281242280124@c.us","name":"rv","age":"17","time":"18/02/21 09:19:51","serial":"4a2bd445b5673c25b68d"},{"id":"6285816142148@c.us","name":"ba","age":"5","time":"18/02/21 10:04:35","serial":"4ad8807afdb9c3b9bed9"},{"id":"6285813014520@c.us","name":"hito","age":"16","time":"18/02/21 10:20:42","serial":"e8b19454313a52de2ba8"},{"id":"6283165297507@c.us","name":"nurul","age":"17","time":"18/02/21 10:21:34","serial":"0c92dfaaa79ae105cfd9"},{"id":"6281275618086@c.us","name":"putr","age":"7","time":"18/02/21 10:34:39","serial":"3304bff423a74604d049"},{"id":"6281649177872@c.us","name":"Brin","age":"8","time":"18/02/21 10:34:48","serial":"646a7cba45d6527817a6"},{"id":"6282314714062@c.us","name":"said","age":"15","time":"18/02/21 10:40:52","serial":"6a2e4cac22fbe10b1d58"},{"id":"6285814512489@c.us","name":"Reihan","age":"15 tahun","time":"18/02/21 10:53:50","serial":"6681c8f6469a07ac6483"},{"id":"628972268778@c.us","name":"farhan","age":"19","time":"18/02/21 10:55:43","serial":"5f38361bd05aee2f10c7"},{"id":"6282112950501@c.us","name":"L. Alam Muhammad","age":"16 Tahun.","time":"18/02/21 11:07:46","serial":"e166580330981146cbe3"},{"id":"6288211577464@c.us","name":"halo","age":"1","time":"18/02/21 11:23:24","serial":"d9263c559cb510210aeb"},{"id":"6282371972861@c.us","name":"Fajri","age":"18","time":"18/02/21 11:23:37","serial":"698cc388cc6f93449a8d"},{"id":"6289509822374@c.us","name":"rahma","age":"18","time":"18/02/21 11:26:46","serial":"90b8c659913d44d753ae"},{"id":"6285805914934@c.us","name":"elfi","age":"15","time":"18/02/21 11:27:55","serial":"ffca2ab0d9fdcef1e356"},{"id":"6283137731053@c.us","name":"zulf","age":"7","time":"18/02/21 11:50:32","serial":"6faea9fbfb133de10e37"},{"id":"6282145352291@c.us","name":"yog","age":"0","time":"18/02/21 12:18:55","serial":"80925554b86b3240b332"},{"id":"62895385087300@c.us","name":"Arsa","age":"18","time":"18/02/21 12:24:49","serial":"bbf48056025cea2a107c"},{"id":"6282131992201@c.us","name":"Songkelp","age":"17","time":"18/02/21 12:26:17","serial":"95e1ba69d160b80fa185"},{"id":"6285322962674@c.us","name":"saefu","age":"7","time":"18/02/21 12:46:03","serial":"df40e6b830414bbac920"},{"id":"6282158953928@c.us","name":"Husen","age":"18","time":"18/02/21 12:49:56","serial":"6076aeaec97c4de12344"},{"id":"6289666683190@c.us","name":"surya kontol gamau mabar","age":"15","time":"18/02/21 12:50:23","serial":"653c0cf3f9e65d1ffe68"},{"id":"6282361715845@c.us","name":"Sabrin","age":"8","time":"18/02/21 12:55:29","serial":"0863f58145839282945f"},{"id":"6287870514985@c.us","name":"devil","age":"1","time":"18/02/21 13:05:10","serial":"135c6eb0f9d4d8ffef71"},{"id":"6285669246968@c.us","name":"-","age":"20","time":"18/02/21 13:19:43","serial":"db26dbead9c3e3d925d5"},{"id":"6285277598828@c.us","name":"Priscilia","age":"16 tahun","time":"18/02/21 13:55:07","serial":"5d84828215c9c5e83768"},{"id":"6281228021036@c.us","name":"Rinda","age":"18","time":"18/02/21 13:58:09","serial":"20f08c1195dd8e9688cb"},{"id":"628562329114@c.us","name":"RIZKY GANTENG PACARNYA RATU","age":"8 TAHUN","time":"18/02/21 14:39:18","serial":"6f5435cc98ed701c0c62"},{"id":"6282290303534@c.us","name":"Ros","age":"8","time":"18/02/21 15:15:56","serial":"084483f35929d97fd215"},{"id":"6281358312131@c.us","name":"yor","age":"8","time":"18/02/21 16:43:16","serial":"1f355eb426438509d10e"},{"id":"6285669246973@c.us","name":"raja","age":"14","time":"18/02/21 16:45:23","serial":"39cea83c906facaf6e30"},{"id":"6281213614579@c.us","name":"nama","age":"umur","time":"18/02/21 16:47:58","serial":"db8b88a27985c3f446e2"},{"id":"6287856736168@c.us","name":"Naf","age":"15","time":"18/02/21 16:50:12","serial":"9ff2978dab160848b7aa"},{"id":"6285714610578@c.us","name":"kiki","age":"20","time":"18/02/21 16:54:40","serial":"8346dd08e54686e4fdc1"},{"id":"6289522982670@c.us","name":"kim jan cuk","age":"16","time":"18/02/21 16:56:57","serial":"e9b8a58c7dfe6866e41f"},{"id":"6283869628066@c.us","name":"riski","age":"16","time":"18/02/21 17:08:11","serial":"bb0f124dcf293ebf87ab"},{"id":"6289519835553@c.us","name":"addy","age":"23","time":"18/02/21 17:09:22","serial":"cb2867de3dad2dc32c60"},{"id":"6285270760546@c.us","name":"nugrah","age":"16","time":"18/02/21 17:14:36","serial":"99a61fdbbdb8cca3b65e"},{"id":"6287737791668@c.us","name":"","age":"4","time":"18/02/21 18:03:08","serial":"073810de322e573d0eb4"},{"id":"6285925775245@c.us","name":"","age":"13","time":"18/02/21 18:47:02","serial":"8bab34aa92da54882ccd"},{"id":"6285742465188@c.us","name":"skylord","age":"16","time":"18/02/21 19:04:04","serial":"db1eb5ce4f5e24c366ab"},{"id":"6283119975898@c.us","name":"arman","age":"5","time":"18/02/21 19:16:00","serial":"b1d49bdb148c9e659611"},{"id":"6282339390984@c.us","name":"Igreya","age":"18 Tahun","time":"18/02/21 19:34:21","serial":"8090f7f5853dc96138af"},{"id":"6289513320460@c.us","name":"maulidia","age":"17","time":"18/02/21 20:00:08","serial":"c387fd60b9f2af6c614d"},{"id":"6285878731228@c.us","name":"meis","age":"6 thn","time":"18/02/21 20:10:08","serial":"e66b12bccf395812ad99"},{"id":"6289669739015@c.us","name":"tirek","age":"18","time":"18/02/21 20:29:01","serial":"ef1b2dc579ed2ad690b1"},{"id":"62895616026087@c.us","name":"Lia cakep","age":"17 tahun","time":"18/02/21 20:33:38","serial":"baa8092663e4ea4ab720"},{"id":"6281396707060@c.us","name":"Nama Fetresia Van Camren","age":"mur 16 tahun","time":"18/02/21 20:50:35","serial":"9e42e2280c5e4e8769f2"},{"id":"6283876066371@c.us","name":"syifa","age":"17","time":"18/02/21 20:51:04","serial":"9d9258f0d846c7c68d1b"},{"id":"6285346600884@c.us","name":"jesa","age":"17","time":"18/02/21 20:51:15","serial":"cbd10d42f69f0f0270d3"},{"id":"6289632179655@c.us","name":"Nura","age":"17","time":"18/02/21 20:57:51","serial":"c63e5fb6ae2d50f977e9"},{"id":"6281515636056@c.us","name":"Ad","age":"5","time":"18/02/21 21:34:37","serial":"6911f239753efc52d48b"},{"id":"6283137031765@c.us","name":"Rohan","age":"17","time":"18/02/21 22:27:03","serial":"b4c1e61b1f8ca83ad1a5"},{"id":"6282167855992@c.us","name":"cio","age":"19","time":"18/02/21 22:29:28","serial":"ff94b0c32e4fcd4b52f1"},{"id":"6281334726512@c.us","name":"nekon","age":"32","time":"18/02/21 23:23:09","serial":"eb571134ea32a193284d"},{"id":"6282260035116@c.us","name":"bot stiker","age":"23","time":"19/02/21 01:08:36","serial":"61c88825e89adaf2d0ff"},{"id":"6283806166889@c.us","name":"kikyy","age":"17","time":"19/02/21 05:33:27","serial":"ce1f52b978c699865d78"},{"id":"6289604255757@c.us","name":"Chou","age":"16","time":"19/02/21 05:56:29","serial":"dd82bee61528bcf2df74"},{"id":"6281229855200@c.us","name":"abdurrahim","age":"16","time":"19/02/21 06:12:45","serial":"4e2a1155305c5bceafbf"},{"id":"6282322511452@c.us","name":"Mamatz","age":"17","time":"19/02/21 06:13:54","serial":"41ec23b08999eac76b98"},{"id":"6289680556643@c.us","name":"eivor","age":"14","time":"19/02/21 08:20:01","serial":"531ab41a228c39b40974"},{"id":"6288801042993@c.us","name":"Fal","age":"7","time":"19/02/21 08:34:44","serial":"6802a6a16b264ac3833f"},{"id":"6285695145155@c.us","name":"otto","age":"19","time":"19/02/21 09:09:19","serial":"4a6e990d356c679aadb0"},{"id":"6283182527434@c.us","name":"satria","age":"20","time":"19/02/21 10:01:47","serial":"67c43c85ceca0c2df0d9"},{"id":"62895340483705@c.us","name":"Winda","age":"17","time":"19/02/21 10:11:20","serial":"4a2bfd5699542d44ae2f"},{"id":"6281288447248@c.us","name":"Monye","age":"0","time":"19/02/21 13:04:02","serial":"3840b38c45011e32894e"},{"id":"6285813044597@c.us","name":"isan","age":"16","time":"19/02/21 13:21:44","serial":"06d402620a7d6cadb7e3"},{"id":"6285320267966@c.us","name":"ferdiansyah","age":"21","time":"19/02/21 13:40:57","serial":"40b279e1ed1b56c3879a"},{"id":"6283180454861@c.us","name":"bayu","age":"17","time":"19/02/21 15:20:23","serial":"038252b4fb1bc1df1026"},{"id":"6285362825818@c.us","name":"Suhendi","age":"23","time":"19/02/21 16:00:46","serial":"61abe87b5b55b98c25ac"},{"id":"6285157684419@c.us","name":"satria","age":"19","time":"19/02/21 17:59:10","serial":"7162b5d3a731778b6dbf"},{"id":"6281371855792@c.us","name":"suci","age":"q7","time":"19/02/21 18:09:20","serial":"676bd0fe62b25720e237"},{"id":"6285700982540@c.us","name":"Ramdhan","age":"18","time":"19/02/21 18:32:47","serial":"a3f614d1436828da8d69"},{"id":"6283142171246@c.us","name":"fadia","age":"16","time":"19/02/21 18:51:59","serial":"cb2a733df794250792fc"},{"id":"6283802330601@c.us","name":"naila cakep","age":"34","time":"19/02/21 19:05:39","serial":"9c8d4deb9f8911ecf42f"},{"id":"628988754466@c.us","name":"Fadhil","age":"17","time":"19/02/21 19:15:43","serial":"ab2fa40a235942091109"},{"id":"6285869132411@c.us","name":"kuntul","age":"19","time":"19/02/21 19:49:21","serial":"f8204b1eacccc7002f2b"},{"id":"6285363877044@c.us","name":"amrizal","age":"15","time":"19/02/21 20:09:56","serial":"f6fd78863807ddb92b6a"},{"id":"6285790833425@c.us","name":"Calon MΛYIT","age":"17","time":"19/02/21 20:11:27","serial":"91a9b640897c90584f40"},{"id":"6285791322815@c.us","name":"andri","age":"17","time":"19/02/21 20:15:44","serial":"c5586f620c3012062261"},{"id":"6289614526128@c.us","name":"Iyan","age":"private","time":"19/02/21 20:18:58","serial":"479c8b8f5ab32a736d1c"},{"id":"6289515841842@c.us","name":"onyo","age":"16","time":"19/02/21 21:17:32","serial":"7f47aebbeb7de6d6898a"},{"id":"6283165321987@c.us","name":"mamang","age":"17","time":"19/02/21 21:28:49","serial":"89ce97c89429a4ca14ff"},{"id":"6285335546958@c.us","name":"wahyu","age":"17","time":"19/02/21 21:59:43","serial":"71fdb9fcc66efc77b811"},{"id":"60108831871@c.us","name":"anaq","age":"4","time":"19/02/21 23:23:47","serial":"35fc28b8653f2f67faa1"},{"id":"628873319924@c.us","name":"lev","age":"0","time":"20/02/21 12:09:45","serial":"f7e86fe47323086f3f74"},{"id":"6289650682602@c.us","name":"vit","age":"4","time":"20/02/21 12:38:05","serial":"8817dc2bcb3ccb16e611"},{"id":"6281977993776@c.us","name":"heazel","age":"35","time":"20/02/21 13:04:18","serial":"41c74f3333b4c98e508d"},{"id":"6285240145213@c.us","name":"wingk","age":"6","time":"20/02/21 13:43:10","serial":"8634cd5847faf6491660"},{"id":"6283877432366@c.us","name":"saskia","age":"14","time":"20/02/21 13:44:00","serial":"96c4c445f3008dc9d8e2"},{"id":"6281326307084@c.us","name":"kuuhaku","age":"17","time":"20/02/21 15:03:33","serial":"788f978b59feaad8406f"},{"id":"6285256992773@c.us","name":"Andi","age":"22","time":"20/02/21 20:30:36","serial":"9f7461470ee850ec4c3c"},{"id":"6289518001590@c.us","name":"Denaya","age":"15","time":"20/02/21 20:39:25","serial":"bfa75adb6344c5e66796"},{"id":"6283806125625@c.us","name":"andre","age":"14","time":"20/02/21 22:49:01","serial":"6585596225d3c8d4e68d"},{"id":"6289517128998@c.us","name":"rizal","age":"18","time":"20/02/21 22:58:13","serial":"d2a73ba6586b6cea72f0"},{"id":"6282187830908@c.us","name":"Ara","age":"18\n\nPC bot nya tuh format nya","time":"21/02/21 00:00:08","serial":"cb794442a673a0aa7f9e"},{"id":"6282166244103@c.us","name":"arma","age":"24","time":"21/02/21 10:03:46","serial":"569d0e28d790164fef46"},{"id":"6285397774963@c.us","name":"Wawan","age":"28","time":"21/02/21 10:06:05","serial":"0a6adfc6847f2866e89d"},{"id":"6283815740497@c.us","name":"rival firmansyah","age":"17","time":"21/02/21 10:50:28","serial":"4804a41e98da5038c643"},{"id":"628983583288@c.us","name":"vea","age":"0","time":"21/02/21 11:10:37","serial":"ee370fc95c129f8b3a7f"},{"id":"6285794584361@c.us","name":"qori","age":"15","time":"21/02/21 11:56:12","serial":"fb5336659fdd2366700c"},{"id":"6283818512458@c.us","name":"nama:Rizki","age":"umur 18","time":"21/02/21 13:12:58","serial":"4dae5d60aefecd5ccb95"},{"id":"6281717613481@c.us","name":"fariz","age":"17 tahun","time":"21/02/21 15:32:51","serial":"c75059636952318929c0"},{"id":"6288211907460@c.us","name":"Auristella","age":"17","time":"21/02/21 20:12:23","serial":"6d8cda7f14ae0e1bef85"},{"id":"6282191175271@c.us","name":"wulan","age":"17 thn","time":"21/02/21 20:23:27","serial":"52d60c9afca1c62b3f84"},{"id":"6289505448011@c.us","name":"ridwan","age":"16","time":"21/02/21 20:24:48","serial":"9141fd4353b617921d6f"},{"id":"6281359043789@c.us","name":"Gladis","age":"16","time":"21/02/21 21:26:44","serial":"13762aac55a26d5c91e8"},{"id":"6281278828743@c.us","name":"robimana","age":"0","time":"21/02/21 21:57:59","serial":"a9ace0af5d0d4140e09e"},{"id":"6282346143074@c.us","name":"fais","age":"17","time":"22/02/21 09:41:27","serial":"0b3df48c25eb3231f63c"},{"id":"62895360557290@c.us","name":"ari","age":"18","time":"22/02/21 10:38:58","serial":"6fcf34ed2fb485966ca8"},{"id":"6287828510454@c.us","name":"chaca","age":"15","time":"22/02/21 12:17:20","serial":"471232f2b449decc4d8b"},{"id":"6285551232314@c.us","name":"regulu","age":"17","time":"22/02/21 12:37:30","serial":"9000e296c3657c19d8c7"},{"id":"6281261980214@c.us","name":"yuni","age":"3","time":"22/02/21 16:10:44","serial":"533711298aa5c793289e"},{"id":"6281290005759@c.us","name":"anggun","age":"16","time":"22/02/21 17:58:11","serial":"9dfabfe9abc70bbf9de0"},{"id":"6283176873393@c.us","name":"raden","age":"18","time":"22/02/21 18:26:38","serial":"588848bdf3238085b419"},{"id":"6281998437181@c.us","name":"maulita","age":"17","time":"22/02/21 18:34:53","serial":"afd06b6fdf2e39e3fe85"},{"id":"6288740031979@c.us","name":"Mizhbah","age":"15","time":"22/02/21 18:52:19","serial":"d31fa4812735bc347d5c"},{"id":"62895335186227@c.us","name":"rifki","age":"16","time":"22/02/21 21:15:28","serial":"346b9bdf49815f90c55f"},{"id":"6282256798759@c.us","name":"Fahri","age":"19","time":"22/02/21 21:16:43","serial":"6a7513e330e967e2177b"},{"id":"6281218128139@c.us","name":"Adit","age":"17","time":"22/02/21 21:38:34","serial":"58dad6c4cf5695d4fe81"},{"id":"6285753307737@c.us","name":"akbar","age":"15","time":"22/02/21 22:25:30","serial":"7c249440ff82a3c7928f"},{"id":"6283156431297@c.us","name":"Bot","age":"23","time":"23/02/21 00:02:42","serial":"f8d53fe52746e4717713"},{"id":"6288996943711@c.us","name":"satria","age":"18","time":"23/02/21 01:05:01","serial":"c6ec2966b442162db54c"},{"id":"6281802189100@c.us","name":"rezhi","age":"18","time":"23/02/21 08:12:46","serial":"760998faecc1b16d93f7"},{"id":"6285777626802@c.us","name":"mope","age":"19","time":"23/02/21 09:12:39","serial":"74bf31bb0fc47446c19c"},{"id":"6289513168281@c.us","name":"lord satriyo","age":"14","time":"23/02/21 10:51:17","serial":"0eb58c2e8ab523aa5745"},{"id":"6281373005055@c.us","name":"Qatar","age":"26","time":"23/02/21 11:09:13","serial":"31679442765489314ef7"},{"id":"6283170523590@c.us","name":"iqbal","age":"15","time":"23/02/21 11:09:45","serial":"9c658504dcc733565f49"},{"id":"6281257443857@c.us","name":"Arifin","age":"15","time":"23/02/21 11:59:36","serial":"478153d61f37ea00f953"},{"id":"6285752761274@c.us","name":"madam anggun","age":"12","time":"23/02/21 12:34:47","serial":"2840bd793a2ecb81d676"},{"id":"6289504597900@c.us","name":"Wuwu","age":"15","time":"23/02/21 13:28:14","serial":"d1442da3ae1274806d18"},{"id":"6282310340849@c.us","name":"desi","age":"18","time":"23/02/21 20:39:58","serial":"6fab2231d4c46fa65015"},{"id":"6283805233281@c.us","name":"Dear","age":"17","time":"23/02/21 22:43:21","serial":"548e03916be133f37587"},{"id":"6283143688112@c.us","name":"Aji","age":"19","time":"24/02/21 10:49:16","serial":"1bfa229b093e07630a9a"},{"id":"6282250637996@c.us","name":"vanzz","age":"20","time":"24/02/21 10:54:20","serial":"f0f52d69945e1f8f72d2"},{"id":"6285960602217@c.us","name":"dimas","age":"13 thn","time":"24/02/21 11:14:58","serial":"c1cd62b128a8d6e1c107"},{"id":"6282138026805@c.us","name":"hoshiko","age":"17","time":"24/02/21 11:15:40","serial":"1e92338c59d12b628f03"},{"id":"6282291340171@c.us","name":"Indri","age":"16","time":"24/02/21 14:11:29","serial":"3f905af515de2190aa5f"},{"id":"62895336655242@c.us","name":"vanzz","age":"20","time":"24/02/21 14:20:55","serial":"da1ddedd2611aab74b93"},{"id":"6288210184327@c.us","name":"Ajis","age":"13","time":"24/02/21 14:50:40","serial":"2faddb1c642aaaa8e691"},{"id":"62859155034230@c.us","name":"bilaa","age":"15","time":"24/02/21 15:17:07","serial":"718597800178c7a8efe3"},{"id":"62887435703386@c.us","name":"noval","age":"16","time":"24/02/21 21:53:55","serial":"403db646567b186c450e"},{"id":"6288225443925@c.us","name":"aldi","age":"18","time":"24/02/21 22:12:09","serial":"43bb0f451627f0ddcc18"},{"id":"6289653405777@c.us","name":"Amel","age":"11","time":"24/02/21 22:19:33","serial":"dcde684bd605719949b2"},{"id":"6285822316151@c.us","name":"nama","age":"umur","time":"25/02/21 07:27:47","serial":"4f99657ecc791f7ea5fe"},{"id":"6282134366417@c.us","name":"Ani","age":"5","time":"25/02/21 11:25:11","serial":"ead16bbde58035b7d805"},{"id":"628990653503@c.us","name":"ilham","age":"18","time":"25/02/21 11:34:35","serial":"3c84e8ba01518a793447"},{"id":"6285740325146@c.us","name":"Fajri","age":"16","time":"25/02/21 11:45:14","serial":"65bd56f575daa4b85426"},{"id":"6282272242435@c.us","name":"Le","age":"7","time":"25/02/21 19:06:40","serial":"4c6790348d545245cc31"},{"id":"6282280143407@c.us","name":"fei","age":"16","time":"25/02/21 19:07:03","serial":"9d09a0820485c337b607"},{"id":"6285741883485@c.us","name":"yani","age":"18","time":"25/02/21 19:07:31","serial":"3a3d8e4165b65fbfbc41"},{"id":"6282133410667@c.us","name":"ilham","age":"16","time":"25/02/21 19:35:31","serial":"856d2a7f289aeecb894f"},{"id":"6281992623689@c.us","name":"Rezh","age":"7","time":"25/02/21 19:36:09","serial":"b872731597a40a6a2cb0"},{"id":"6283821630390@c.us","name":"devink","age":"6th","time":"25/02/21 19:40:28","serial":"579fd8ab4175d8176bab"},{"id":"6285726374529@c.us","name":"Elisa","age":"15","time":"25/02/21 20:45:17","serial":"25a3a08dac5b6e0748be"},{"id":"6283818794918@c.us","name":"ahmad","age":"umur 15","time":"25/02/21 21:19:53","serial":"067ad4d1c0cbd54da1b1"},{"id":"62895417981122@c.us","name":"Ridho","age":"12","time":"25/02/21 22:15:50","serial":"ea10a879f7ef24f2c5e5"},{"id":"6282352201002@c.us","name":"NightLah","age":"14","time":"25/02/21 22:16:08","serial":"4a8a6b72563071c9da8d"},{"id":"6282252158698@c.us","name":"Dani","age":"15","time":"25/02/21 22:20:27","serial":"c2f0b0e9552177a13574"},{"id":"6285724693463@c.us","name":"Ghandi","age":"13","time":"25/02/21 22:21:59","serial":"c082d333c87521749f43"},{"id":"62859131311286@c.us","name":"Rangga","age":"15","time":"25/02/21 22:40:59","serial":"e47a19c34980fae4d68b"},{"id":"6287896681744@c.us","name":"Dzaki","age":"12","time":"25/02/21 23:09:35","serial":"98267deba0a6d342bbe6"},{"id":"6288706069839@c.us","name":"aisyah","age":"16","time":"26/02/21 01:33:18","serial":"a8b8a1124f6584b8087e"},{"id":"6285641852488@c.us","name":"Isna","age":"15","time":"26/02/21 08:10:37","serial":"56be6a9a4f640515fb5c"},{"id":"6282131097393@c.us","name":"Steffani","age":"16 tahun","time":"26/02/21 09:25:10","serial":"324ec26adc8e69b2be51"},{"id":"6285771005847@c.us","name":"bayu","age":"16","time":"26/02/21 10:07:08","serial":"788f8d2c18358d04023d"},{"id":"6285786456606@c.us","name":"Maulana","age":"16","time":"26/02/21 10:13:23","serial":"bc6f0dd3b95e4321be16"},{"id":"6289526017865@c.us","name":"fadil","age":"15","time":"26/02/21 10:41:49","serial":"d23fdd2e6b3bb96a23b1"},{"id":"6281219019962@c.us","name":"Fitriah","age":"15","time":"26/02/21 10:42:45","serial":"8d5f0586eb2c7116224b"},{"id":"6285217000648@c.us","name":"san","age":"16","time":"26/02/21 10:50:08","serial":"7ffac95aafe77b2fb5d9"},{"id":"6281219019958@c.us","name":"rayyan","age":"15","time":"26/02/21 10:55:46","serial":"7680774e4f9d22e9ca8e"},{"id":"6282135342651@c.us","name":"Anin","age":"15","time":"26/02/21 12:45:14","serial":"744655e8d77586a42df2"},{"id":"6282262227534@c.us","name":"ar","age":"5","time":"26/02/21 15:49:24","serial":"9527da644464986a07bb"},{"id":"6282333342497@c.us","name":"Sofya","age":"3","time":"26/02/21 17:20:20","serial":"9bc2decc207d4c40339c"},{"id":"628152245945@c.us","name":"aulia","age":"12","time":"26/02/21 19:11:40","serial":"0fb2376b3a88c64ff377"},{"id":"6282170266821@c.us","name":"suci","age":"17","time":"26/02/21 19:49:26","serial":"00aa5a8c2e1c3d644a8a"},{"id":"6285218342092@c.us","name":"amar.id","age":"8th","time":"26/02/21 20:06:46","serial":"ced7c2eee6ca19fd4dcf"},{"id":"6285709545960@c.us","name":"Mamat gemin","age":"8","time":"26/02/21 20:09:39","serial":"e8786c3162f1b8cd275b"},{"id":"628882089541@c.us","name":"acil","age":"17 tahun","time":"27/02/21 17:06:40","serial":"0cca5a8bbd255a738ad5"},{"id":"6285283254980@c.us","name":"","age":"7","time":"27/02/21 17:27:06","serial":"d269562d2981b12cc40f"},{"id":"6283851022505@c.us","name":"Aril","age":"19","time":"27/02/21 17:51:44","serial":"927d41ccdef018f48cc2"},{"id":"6283149555659@c.us","name":"Ramadha","age":"8","time":"27/02/21 18:07:35","serial":"c2901cbf680396b42bbb"},{"id":"6285238303550@c.us","name":"lili","age":"16","time":"27/02/21 20:33:27","serial":"e8202c7ea7b4fb7e4c4c"},{"id":"6281264942816@c.us","name":"Wenny","age":"15 tahun","time":"27/02/21 22:48:28","serial":"0ecd15c2badbc8659027"},{"id":"6283871087343@c.us","name":"ir","age":"6 th","time":"28/02/21 07:40:44","serial":"7eb09b30927c02b56dc1"},{"id":"62895620102744@c.us","name":"elsa","age":"15","time":"28/02/21 16:02:18","serial":"a5ad8e04c47397e9510f"},{"id":"62895378578585@c.us","name":"rezasu","age":"17","time":"28/02/21 16:29:35","serial":"96df69c6908939d8aabc"},{"id":"6288801449286@c.us","name":"bagas","age":"16","time":"28/02/21 16:30:30","serial":"f4faa49d267dfc4e999c"},{"id":"6283805810370@c.us","name":"Gilang","age":"16","time":"28/02/21 16:36:47","serial":"b5f32f506e97a48f27fe"},{"id":"6281226362303@c.us","name":"Abiel","age":"7","time":"28/02/21 16:42:47","serial":"7d07ebae181db2ae825c"},{"id":"6282268809658@c.us","name":"Iwang","age":"17","time":"28/02/21 16:47:46","serial":"f4a22e7cb63712381589"},{"id":"6282328471495@c.us","name":"memeyk","age":"15","time":"28/02/21 16:52:29","serial":"8a19c6d547913f34c8b3"},{"id":"6282348957699@c.us","name":"fitri","age":"6","time":"28/02/21 16:56:11","serial":"88f98fd5356f03f501d4"},{"id":"6285692988504@c.us","name":"indra","age":"16","time":"28/02/21 17:09:41","serial":"78b5ac304f013a232590"},{"id":"6282386395290@c.us","name":"Dick","age":"7","time":"28/02/21 20:06:58","serial":"60a925bb957f0567c07b"},{"id":"6285342027289@c.us","name":"ikbal","age":"20","time":"28/02/21 21:17:41","serial":"8bc0cb7202e1addc167a"},{"id":"6287743984088@c.us","name":"Nopal","age":"15","time":"28/02/21 22:45:54","serial":"9da985c37ad7d72f0447"},{"id":"6289611557593@c.us","name":"Fahmi","age":"17","time":"28/02/21 22:46:02","serial":"4b70a668ef2f8083df0f"},{"id":"6289530321811@c.us","name":"fia","age":"16","time":"28/02/21 22:49:17","serial":"3eeba40eb83fa083be0b"},{"id":"6281264117376@c.us","name":"sugiono","age":"22","time":"28/02/21 22:53:07","serial":"1e917daa4f2f459698c8"},{"id":"6282237407978@c.us","name":"Steven","age":"16","time":"28/02/21 22:53:57","serial":"e0390a4f162dd04ff284"},{"id":"6285732199208@c.us","name":"ojan","age":"16","time":"28/02/21 22:54:26","serial":"0e4bd2ef9f08c5cd563f"},{"id":"6281902507475@c.us","name":"Revi","age":"17","time":"28/02/21 22:54:38","serial":"fc118d2c16b89da4b0aa"},{"id":"6285747177685@c.us","name":"habi","age":"7","time":"28/02/21 22:56:23","serial":"a7d476165991d4de303d"},{"id":"6281371088631@c.us","name":"fajar","age":"17","time":"01/03/21 00:10:20","serial":"e430d63374d94a7278bc"},{"id":"60194243584@c.us","name":"Haerul irham","age":"23","time":"01/03/21 00:40:38","serial":"bf8b7082b5dc560d64b0"},{"id":"6281992781004@c.us","name":"Kagamine Rin","age":"19","time":"01/03/21 04:27:29","serial":"9014756e29e34de4e04d"},{"id":"6287774738405@c.us","name":"fi","age":"3","time":"01/03/21 06:27:13","serial":"359c1f062da8013d4458"},{"id":"6285926431562@c.us","name":"syahrul","age":"0","time":"01/03/21 06:33:31","serial":"800eeb0f92a203250c1b"},{"id":"6282371656964@c.us","name":"Reza","age":"16","time":"01/03/21 06:49:15","serial":"d33e41105ee0d8d08d7a"},{"id":"628815355366@c.us","name":"Febr","age":"5","time":"01/03/21 06:58:10","serial":"7bea78862da9ab9b3f9d"},{"id":"628999589529@c.us","name":"mo","age":"","time":"01/03/21 07:03:43","serial":"c7642a09949b7b533b59"},{"id":"6285973970022@c.us","name":"Yudh","age":"5","time":"01/03/21 07:14:52","serial":"d3461913f053d7e307f6"},{"id":"6288287243319@c.us","name":"Fatih","age":"18","time":"01/03/21 07:27:45","serial":"ba90d28eb726df002bcc"},{"id":"6287796354806@c.us","name":"alfan","age":"14","time":"01/03/21 07:42:24","serial":"bbd0cb4d63c5f7fd3d1b"},{"id":"6281329063175@c.us","name":"p3k","age":"18","time":"01/03/21 07:51:47","serial":"150d61f5059eecce13d7"},{"id":"6281943338962@c.us","name":"fahmi","age":"17","time":"01/03/21 08:51:10","serial":"ac79565376f0011499cf"},{"id":"628983894004@c.us","name":"nam","age":"9","time":"01/03/21 08:53:29","serial":"a100e2a104ab286abc53"},{"id":"6285849032180@c.us","name":"Ara","age":"20","time":"01/03/21 09:40:27","serial":"ae48df2c466b2cdb62ee"},{"id":"628122648062@c.us","name":"kaizo","age":"18","time":"01/03/21 09:49:06","serial":"c5feff5c0941f44b61f8"},{"id":"6282179691087@c.us","name":"nam","age":"1","time":"01/03/21 09:52:05","serial":"ab25bf6133e9e22a90e0"},{"id":"6288224500849@c.us","name":"evan","age":"15 tahun","time":"01/03/21 09:53:01","serial":"f0fa626ef8a3d2643903"},{"id":"6289671688380@c.us","name":"udin","age":"udin","time":"01/03/21 10:19:42","serial":"035c32fd45232ed0446f"},{"id":"6288220488723@c.us","name":"faisal","age":"17","time":"01/03/21 10:35:11","serial":"5bddd590ebeea83cecb6"},{"id":"6283187754391@c.us","name":"nama aprizan","age":"umur 15","time":"01/03/21 10:39:16","serial":"4efce2fd279a9b66e059"},{"id":"6283824140612@c.us","name":"Rhido","age":"17","time":"01/03/21 10:54:50","serial":"250a40d7b0694d3d1ae4"},{"id":"6282165023229@c.us","name":"Gado","age":"20","time":"01/03/21 10:55:48","serial":"975e49eb3ba43def34c3"},{"id":"6283126788358@c.us","name":"Galih","age":"15","time":"01/03/21 10:58:24","serial":"0503076a7bb119a8badf"},{"id":"6285797646949@c.us","name":"rafka","age":"15","time":"01/03/21 11:03:24","serial":"347bebc94e1767c4b2ef"},{"id":"6285722439172@c.us","name":"ORIGAMI","age":"29","time":"01/03/21 11:31:51","serial":"43e67b3c6a1c884979b7"},{"id":"6282322985185@c.us","name":"haris","age":"20","time":"01/03/21 11:45:15","serial":"7527a186414f10a0908b"},{"id":"6285280808004@c.us","name":"dani","age":"24","time":"01/03/21 11:59:12","serial":"e730b099443fea37e106"},{"id":"6282366311770@c.us","name":"fitra","age":"17","time":"01/03/21 12:52:53","serial":"c4fb45e96d6e72c45f9d"},{"id":"6289655827632@c.us","name":"danie","age":"6","time":"01/03/21 13:42:30","serial":"5987b83fcdc112bd92cb"},{"id":"6282213110548@c.us","name":"budi","age":"29","time":"01/03/21 14:52:58","serial":"de7b33a617072f41daf3"},{"id":"6285298039341@c.us","name":"rdy","age":"7","time":"01/03/21 15:22:08","serial":"a4f7dcecb0a5d97ac6ac"},{"id":"6281339145991@c.us","name":"Ri","age":"5","time":"01/03/21 17:00:55","serial":"c1bb8e57637904accb53"},{"id":"6287759463814@c.us","name":"Putra","age":"17 tahun","time":"01/03/21 17:20:31","serial":"f65c8047dfabbf9c0b3f"},{"id":"6285790356052@c.us","name":"Rakesh","age":"0","time":"01/03/21 17:21:19","serial":"9ab4280536573aa330b0"},{"id":"6289602367934@c.us","name":"totong","age":"38","time":"01/03/21 17:25:23","serial":"51f17ad7387a4fca7a98"},{"id":"6288808933726@c.us","name":"seberepek uouooo","age":"37","time":"01/03/21 17:26:50","serial":"e6eea5a81b0d6ea38add"},{"id":"6289609481910@c.us","name":"nanang ismail","age":"10","time":"01/03/21 17:29:16","serial":"48950f502a9c383ecf86"},{"id":"6287776877656@c.us","name":"","age":"17","time":"01/03/21 17:38:11","serial":"eafd0c8d6122c9927483"},{"id":"6281216665555@c.us","name":"valentino","age":"14","time":"01/03/21 17:39:37","serial":"6b395ed2a151e6e0dce8"},{"id":"6288276338232@c.us","name":"ucok","age":"17","time":"01/03/21 17:58:10","serial":"dabc77d83ba7ff9cdb7b"},{"id":"6288747589301@c.us","name":"nessa","age":"16","time":"01/03/21 18:11:51","serial":"8553d6a79ffdebecd51b"},{"id":"6282149428546@c.us","name":"luthfie","age":"15","time":"01/03/21 18:30:34","serial":"a4b03c48330e23c03405"},{"id":"6282177810157@c.us","name":"Sella","age":"16","time":"01/03/21 18:56:19","serial":"b42a88dd503981dd3c10"},{"id":"6281278099534@c.us","name":"Sandrina","age":"16","time":"01/03/21 19:05:24","serial":"f0b28e2be0262ed5893a"},{"id":"6285876186218@c.us","name":"mamang","age":"12","time":"01/03/21 19:13:42","serial":"15a22bc9c0379215db04"},{"id":"6283804053592@c.us","name":"Budi","age":"umur 15","time":"01/03/21 19:21:00","serial":"06c842fe25e47b1c9d26"},{"id":"6282296929992@c.us","name":"Suhendi","age":"20","time":"01/03/21 19:31:53","serial":"717b94a96e0a6df7cbd1"},{"id":"6283840518645@c.us","name":"irul","age":"18","time":"01/03/21 19:39:24","serial":"0b6eb0c60cf355e75d38"},{"id":"6285778982643@c.us","name":"nama rinal","age":"umur 17","time":"01/03/21 20:01:02","serial":"acb0417b8af459193fb9"},{"id":"6285778052028@c.us","name":"nama fahrezi","age":"umur 17","time":"01/03/21 20:24:08","serial":"c91bf9ea1a18175a136c"},{"id":"6285716102500@c.us","name":"rival","age":"17","time":"01/03/21 20:54:54","serial":"e6513269ce91fdc62e7a"},{"id":"6285772374482@c.us","name":"nama fauzi","age":"umur 13","time":"01/03/21 21:02:13","serial":"16722e64355541b595e8"},{"id":"6287783966164@c.us","name":"jihan","age":"17","time":"01/03/21 21:27:19","serial":"3f4e6b2249096292dc0b"},{"id":"6281990566008@c.us","name":"","age":"","time":"01/03/21 22:36:49","serial":"ceefeeeba678dc3cee53"},{"id":"6287876584574@c.us","name":"Rido","age":"15","time":"01/03/21 22:42:22","serial":"ba05be4017b5ed2a3cdb"},{"id":"6283890744319@c.us","name":"roby","age":"15","time":"01/03/21 23:04:40","serial":"7c43beb64e168de6ded5"},{"id":"6288264358397@c.us","name":"edwardo","age":"23","time":"01/03/21 23:17:14","serial":"957abee479e193407898"},{"id":"6281996877480@c.us","name":"","age":"","time":"01/03/21 23:17:24","serial":"a7a1adfe1c2a8986dbb7"},{"id":"6281353520196@c.us","name":"ila","age":"17","time":"01/03/21 23:57:10","serial":"8c8aea7e3395fa80ed29"}]